{
  "phase4c": {
    "accuracy": 0.8962666666666667,
    "precision": 0.8014981273408239,
    "recall": 0.9476014760147602,
    "f1": 0.868447751099087,
    "auc": 0.9748951151306747,
    "confusion_matrix": {
      "tp": 1284,
      "fp": 318,
      "tn": 2077,
      "fn": 71
    }
  },
  "phase4d_best": {
    "method": "Class Weight + Threshold Optimization",
    "threshold": 0.65,
    "metrics": {
      "precision": 0.9409056024558711,
      "recall": 0.9047970479704797,
      "f1": 0.9224981188863807,
      "confusion_matrix": {
        "tp": 1226,
        "fp": 77,
        "tn": 2318,
        "fn": 129
      }
    }
  },
  "improvements": {
    "recall_improvement_pct": -4.517133956386302,
    "precision_change_pct": 17.39336254940074,
    "f1_improvement_pct": 6.223790402921626,
    "f1_multiplier": 1.0622379040292163
  },
  "business_impact": {
    "total_users": 10000,
    "actual_risky": 3590,
    "phase4c_detected": 3401,
    "phase4d_detected": 3248,
    "loss_reduction_pct": -80.95238095238095
  }
}