{
  "scenario_a": {
    "phase4c": {
      "threshold": 0.5,
      "metrics": {
        "accuracy": 0.8962666666666667,
        "precision": 0.8014981273408239,
        "recall": 0.9476014760147602,
        "f1": 0.868447751099087,
        "auc": 0.9748951151306747,
        "confusion_matrix": {
          "tp": 1284,
          "fp": 318,
          "tn": 2077,
          "fn": 71
        }
      }
    },
    "phase4d": {
      "threshold": 0.65,
      "metrics": {
        "precision": 0.9409056024558711,
        "recall": 0.9047970479704797,
        "f1": 0.9224981188863807,
        "confusion_matrix": {
          "tp": 1226,
          "fp": 77,
          "tn": 2318,
          "fn": 129
        }
      }
    },
    "improvements": {
      "recall_change": -0.04280442804428053,
      "precision_change": 0.13940747511504714,
      "f1_change": 0.05405036778729366,
      "f1_multiplier": 1.0622379040292163
    }
  },
  "scenario_b": {
    "phase4c": {
      "threshold": 0.5,
      "metrics": {
        "accuracy": 0.8885333333333333,
        "precision": 0.787338660110633,
        "recall": 0.9467849223946785,
        "f1": 0.8597315436241612,
        "auc": 0.97527612891329,
        "confusion_matrix": {
          "tp": 1281,
          "fp": 346,
          "tn": 2051,
          "fn": 72
        }
      }
    },
    "phase4d": {
      "threshold": 0.65,
      "metrics": {
        "precision": 0.9330739299610895,
        "recall": 0.8861788617886179,
        "f1": 0.909021986353298,
        "confusion_matrix": {
          "tp": 1199,
          "fp": 86,
          "tn": 2311,
          "fn": 154
        }
      }
    },
    "improvements": {
      "recall_change": -0.06060606060606055,
      "precision_change": 0.14573526985045648,
      "f1_change": 0.04929044272913685,
      "f1_multiplier": 1.0573323650791677
    }
  },
  "comparison": {
    "recommended_scenario": "A",
    "f1_difference": 0.013476132533082663,
    "scenario_a_better": true
  }
}