{
  "baseline_threshold_0.5": {
    "accuracy": 0.7045333333333333,
    "precision": 0.5503875968992248,
    "recall": 0.9955719557195571,
    "f1": 0.7088807146610615,
    "auc": 0.98317497245953,
    "confusion_matrix": {
      "tp": 1349,
      "fp": 1102,
      "tn": 1293,
      "fn": 6
    }
  },
  "strategy1_f1_max": {
    "threshold": 0.65,
    "metrics": {
      "precision": 0.9409056024558711,
      "recall": 0.9047970479704797,
      "f1": 0.9224981188863807,
      "confusion_matrix": {
        "tp": 1226,
        "fp": 77,
        "tn": 2318,
        "fn": 129
      }
    }
  },
  "strategy2_precision_60": {
    "threshold": 0.52,
    "metrics": {
      "precision": 0.6028751123090745,
      "recall": 0.9904059040590406,
      "f1": 0.7495113096900308,
      "confusion_matrix": {
        "tp": 1342,
        "fp": 884,
        "tn": 1511,
        "fn": 13
      }
    }
  },
  "strategy3_precision_68": {
    "threshold": 0.55,
    "metrics": {
      "precision": 0.6834532374100719,
      "recall": 0.981549815498155,
      "f1": 0.8058164192668889,
      "confusion_matrix": {
        "tp": 1330,
        "fp": 616,
        "tn": 1779,
        "fn": 25
      }
    }
  },
  "optimal_balance": {
    "threshold": 0.55,
    "metrics": {
      "precision": 0.6834532374100719,
      "recall": 0.981549815498155,
      "f1": 0.8058164192668889,
      "confusion_matrix": {
        "tp": 1330,
        "fp": 616,
        "tn": 1779,
        "fn": 25
      }
    }
  }
}